{"cameraMode":{"drawMode":0,"name":"Shaded","section":"Shading Mode"},"sceneLighting":true,"audioPlay":false,"sceneViewState":{"showFog":true,"showMaterialUpdate":true,"showSkybox":true,"showFlares":true,"showImageEffects":true,"showParticleSystems":true},"in2DMode":false,"pivot":{"x":4.254073143005371,"y":-0.05471063032746315,"z":-5.5063323974609379},"rotation":{"x":0.14750787615776063,"y":0.5991432666778565,"z":-0.11349878460168839,"w":0.7787301540374756},"size":11.197689056396485,"orthographic":false}